{"cameraMode":{"drawMode":0,"name":"Shaded","section":"Shading Mode"},"sceneLighting":true,"audioPlay":false,"sceneViewState":{"showFog":true,"showMaterialUpdate":false,"showSkybox":true,"showFlares":true,"showImageEffects":true,"showParticleSystems":true},"in2DMode":false,"pivot":{"x":-1.0951143503189088,"y":1.6019814014434815,"z":-0.34269261360168459},"rotation":{"x":-0.4135104715824127,"y":-0.0035532608162611725,"z":0.0016137168277055026,"w":-0.9104909896850586},"size":7.798446178436279,"orthographic":false}